{"cameraMode":{"drawMode":0,"name":"Shaded","section":"Shading Mode"},"sceneLighting":true,"audioPlay":false,"sceneViewState":{"m_AlwaysRefresh":false,"showFog":true,"showSkybox":true,"showFlares":true,"showImageEffects":true,"showParticleSystems":true,"showVisualEffectGraphs":true,"m_FxEnabled":true},"in2DMode":false,"pivot":{"x":11.635717391967774,"y":10.824024200439454,"z":-36.93516159057617},"rotation":{"x":0.025473270565271379,"y":0.0434722825884819,"z":-0.0011085431324318052,"w":0.9987305998802185},"size":22.273775100708009,"orthographic":true}